Date,Rank,Ticker,Name,Mentions,Upvotes,Rank 24h Ago,Mentions 24h Ago
2024-11-29,1,ACHR,Archer Aviation,614,8262,2,175
2024-11-29,2,NVDA,NVIDIA,366,12098,3,167
2024-11-29,3,MSTR,MicroStrategy,212,661,1,151
2024-11-29,4,SPY,SPDR S&amp;P 500 ETF Trust,185,1557,5,81
2024-11-29,5,RKLB,Rocket Lab USA,176,1240,7,59
2024-11-29,6,LUNR,Intuitive Machines,117,541,17,13
2024-11-29,7,AMD,AMD,79,212,9,35
2024-11-29,8,SMCI,Supermicro,76,238,22,21
2024-11-29,9,TSLA,Tesla,74,232,8,46
2024-11-29,10,KULR,KULR Technology,69,385,49,3
2024-11-29,11,UMAC,Unusual Machines,63,163,59,9
2024-11-29,12,OPTT,Ocean Power Technologies,59,273,30,6
2024-11-29,13,CABA,Cabaletta Bio,59,262,14,36
2024-11-29,14,VOO,Vanguard S&amp;P 500 ETF,58,810,4,82
2024-11-29,15,DTE,DTE Energy,57,804,13,31
2024-11-29,16,QQQ,Invesco QQQ ETF,56,159,12,35
2024-11-29,17,MARA,Marathon Digital Holdings,45,126,34,15
2024-11-29,18,RIVN,Rivian,38,108,39,5
2024-11-29,19,AM,Antero Midstream,37,158,36,14
2024-11-29,20,AAPL,Apple,36,87,46,8
2024-11-29,21,MSFT,Microsoft,33,148,21,12
2024-11-29,22,JOBY,Joby Aviation,32,163,33,14
2024-11-29,23,IONQ,IonQ,31,483,78,6
2024-11-29,24,VTI,Vanguard Total Stock Market ETF,29,88,11,31
2024-11-29,25,SOUN,SoundHound AI,28,83,130,2
2024-11-29,26,RGTI,Rigetti Computing,28,165,27,11
2024-11-29,27,AMZN,Amazon,27,76,18,15
2024-11-29,28,RR,Richtech Robotics,25,45,38,17
2024-11-29,29,HOOD,Robinhood,25,103,48,8
2024-11-29,30,PLTR,Palantir,21,74,10,31
2024-11-29,31,RXRX,Recursion Pharmaceuticals,21,78,51,10
2024-11-29,32,YOU,CLEAR Secure,20,81,31,13
2024-11-29,33,CC,Chemours,19,44,19,21
2024-11-29,34,IT,Gartner,19,503,23,16
2024-11-29,35,DJT,Trump Media &amp; Technology Group,19,11,63,8
2024-11-29,36,WMT,Walmart,19,58,47,9
2024-11-29,37,HIMS,Hims &amp; Hers Health,18,33,6,87
2024-11-29,38,RDDT,Reddit,17,49,20,22
2024-11-29,39,META,Meta Platforms (Facebook),16,46,61,7
2024-11-29,40,ET,Energy Transfer Partners,16,32,37,8
2024-11-29,41,RCAT,Red Cat Holdings,16,42,42,8
2024-11-29,42,ASTS,AST SpaceMobile,15,69,28,10
2024-11-29,43,GOOG,Alphabet (Google),14,38,83,9
2024-11-29,44,INTC,Intel,14,53,15,28
2024-11-29,45,ML,MoneyLion,14,42,231,3
2024-11-29,46,SOFI,SoFi,13,34,40,13
2024-11-29,47,VTOL,Bristow Group,13,61,52,4
2024-11-29,48,QUBT,Quantum Computing,13,136,41,9
2024-11-29,49,GOOGL,Alphabet (Google),11,68,74,4
2024-11-29,50,CTM,Castellum,11,24,43,10
2024-11-29,51,UP,Wheels Up,10,31,66,6
2024-11-29,52,TQQQ,ProShares Trust - ProShares UltraPro QQQ,10,-1,196,1
2024-11-29,53,NOW,ServiceNow,10,43,70,6
2024-11-29,54,IBKR,Interactive Brokers,10,14,72,11
2024-11-29,55,OS,OneStream,10,130,56,8
2024-11-29,56,OKLO,Oklo,10,22,50,9
2024-11-29,57,GSAT,Globalstar,10,23,131,4
2024-11-29,58,ARCH,Arch Resources,10,140,58,7
2024-11-29,59,ES,Eversource Energy,9,15,45,11
2024-11-29,60,DO,Diamond Offshore Drilling,8,18,143,4
2024-11-29,61,IWM,BlackRock Institutional Trust Company N.A. - BTC iShares Russell 2000,8,12,88,4
2024-11-29,62,TLT,BlackRock Institutional Trust Company N.A. - BTC iShares 20+ Year Trea,8,18,122,4
2024-11-29,63,MRNA,Moderna,8,38,253,2
2024-11-29,64,APP,AppLovin,8,38,270,1
2024-11-29,65,MU,Micron Technology,8,20,166,2
2024-11-29,66,TGT,Target,8,20,80,8
2024-11-29,67,PL,Planet Labs,8,10,134,3
2024-11-29,68,RDFN,Redfin,8,8,169,1
2024-11-29,69,SAVA,Cassava Sciences,8,16,60,7
2024-11-29,70,PRZO,ParaZero Technologies,8,41,0,
2024-11-29,71,AMC,AMC Entertainment,7,15,69,5
2024-11-29,72,SCHD,Schwab Strategic Trust - CSIM Schwab US Dividend Equity ETF,7,8,100,3
2024-11-29,73,VT,"Vanguard Group, Inc. - Vanguard Total World Stock ETF",7,26,32,11
2024-11-29,74,LINK,Interlink Electronics,7,11,62,9
2024-11-29,75,SMH,VanEck Vectors ETF Trust - VanEck Vectors Semiconductor ETF,7,18,120,7
2024-11-29,76,OPEN,Opendoor,7,74,29,10
2024-11-29,77,EVER,EverQuote,7,30,206,1
2024-11-29,78,NEXT,NextDecade Corp,7,24,234,1
2024-11-29,79,LODE,Comstock Mining,7,25,249,1
2024-11-29,80,DG,Dollar General,7,18,261,1
2024-11-29,81,MYNZ,Mainz Biomed,7,8,336,1
2024-11-29,82,ALL,Allstate,6,37,24,12
2024-11-29,83,FOR,Forestar Group,6,41,82,6
2024-11-29,84,GME,GameStop,6,7,25,12
2024-11-29,85,ON,ON Semiconductor,6,23,73,7
2024-11-29,86,ARM,Arm Holdings,6,26,199,2
2024-11-29,87,API,Agora.io,6,16,204,1
2024-11-29,88,CVNA,Carvana,6,33,149,2
2024-11-29,89,CELH,Celsius Holdings,6,20,213,1
2024-11-29,90,HAS,Hasbro,6,12,240,1
2024-11-29,91,EDIT,Editas Medicine,6,21,337,1
2024-11-29,92,POET,POET Technologies,6,23,115,1
2024-11-29,93,UI,Ubiquiti,5,24,194,1
2024-11-29,94,MA,Mastercard,5,141,68,4
2024-11-29,95,SO,Southern Company,5,15,99,3
2024-11-29,96,EU,enCore Energy,5,20,85,6
2024-11-29,97,WW,Weight Watchers,5,8,86,5
2024-11-29,98,BA,Boeing,5,12,146,3
2024-11-29,99,MF,Missfresh,5,28,101,4
2024-11-29,100,ASML,ASML,5,18,16,19
